Model,CE
MLP,1.4024800155758859
LSTM,1.551158089518547
CNN,1.5381669078469276
